City ID,City,Cloudiness,Country,Date,Humidity,Lat,Lng,Max Temp,Wind Speed
0,Puerto Ayora,98,EC,1597361714,95,-0.74,-90.35,66.99,1.01
1,Dikson,81,RU,1597361714,87,73.51,80.55,46.26,3.71
2,Rikitea,2,PF,1597361714,68,-23.12,-134.97,70.14,11.14
3,Bluff,40,NZ,1597361715,67,-46.6,168.33,45.0,5.01
4,Touros,20,BR,1597361716,83,-5.2,-35.46,75.2,6.93
5,Ushuaia,40,AR,1597361716,92,-54.8,-68.3,30.2,20.8
6,Mataura,1,NZ,1597361716,67,-46.19,168.86,45.0,5.01
7,George Town,20,MY,1597361717,94,5.41,100.34,78.8,2.24
8,Sicuani,62,PE,1597361717,45,-14.27,-71.23,51.26,5.68
9,‘Ewa Beach,90,US,1597361717,48,21.32,-158.01,89.6,8.05
10,Thompson,90,CA,1597361717,100,55.74,-97.86,60.8,5.82
11,Port Hedland,0,AU,1597361718,50,-20.32,118.57,53.6,8.05
12,Grindavik,75,IS,1597361485,93,63.84,-22.43,48.2,11.41
13,Hermanus,0,ZA,1597361721,88,-34.42,19.23,45.0,8.97
14,Jamestown,1,US,1597361722,47,42.1,-79.24,80.6,5.82
15,Nantucket,20,US,1597361590,78,41.28,-70.1,77.0,4.7
16,Mount Isa,90,AU,1597361440,60,-20.73,139.5,73.4,10.29
17,Seoul,90,KR,1597361682,78,37.57,126.98,82.4,12.75
18,New Norfolk,90,AU,1597361723,88,-42.78,147.06,55.0,1.5
19,Mizur,89,RU,1597361723,100,42.85,44.05,62.6,4.47
20,Kapaa,1,US,1597361724,66,22.08,-159.32,86.0,12.75
21,Carnarvon,0,AU,1597361702,100,-24.87,113.63,48.2,4.7
22,Busselton,60,AU,1597361725,100,-33.65,115.33,45.0,8.86
23,Taunggyi,100,MM,1597361725,100,20.78,97.03,64.38,4.56
24,Iwamizawa,75,JP,1597361725,82,43.2,141.76,73.0,8.05
25,Mahébourg,75,MU,1597361726,77,-20.41,57.7,69.8,5.82
26,Klaksvík,12,FO,1597361726,93,62.23,-6.59,50.0,5.82
27,Tazovsky,75,RU,1597361726,86,67.47,78.7,49.77,17.52
28,Bengkulu,75,ID,1597361726,80,-3.8,102.27,76.23,3.51
29,Sur,68,OM,1597361727,63,22.57,59.53,87.75,4.41
30,Ribeira Grande,2,PT,1597361727,74,38.52,-28.7,72.05,5.75
31,Faya,39,SA,1597361727,83,18.39,42.45,71.6,3.24
32,Atuona,65,PF,1597361727,78,-9.8,-139.03,78.13,17.76
33,Punta Arenas,43,CL,1597361728,74,-53.15,-70.92,30.2,8.05
34,Dwārka,95,IN,1597361728,82,22.24,68.97,83.14,18.63
35,Portobelo,100,PA,1597361728,94,9.55,-79.65,80.01,8.99
36,Butaritari,58,KI,1597361729,68,3.07,172.79,81.97,0.83
37,Nanortalik,98,GL,1597361729,86,60.14,-45.24,47.53,7.07
38,Albany,46,US,1597361716,64,42.6,-73.97,82.0,0.92
39,Vostok,100,RU,1597361730,100,46.49,135.88,56.57,6.6
40,Acapulco de Juárez,75,MX,1597361699,74,16.86,-99.89,86.0,12.75
41,Barrow,1,US,1597361562,76,71.29,-156.79,51.8,14.99
42,Hilo,90,US,1597361731,62,19.73,-155.09,84.2,10.29
43,Guilin,20,CN,1597361731,100,25.28,110.29,75.2,2.24
44,Provideniya,90,RU,1597361732,71,64.38,-173.3,53.6,13.42
45,Avarua,84,CK,1597361732,64,-21.21,-159.78,75.2,10.29
46,Dordrecht,82,NL,1597361732,87,51.81,4.67,72.0,1.99
47,Portland,20,US,1597361572,31,45.52,-122.68,80.01,11.41
48,Bredasdorp,0,ZA,1597361733,87,-34.53,20.04,44.6,4.7
49,Sibolga,95,ID,1597361733,72,1.74,98.78,77.27,2.59
50,Cape Town,1,ZA,1597361666,87,-33.93,18.42,52.0,6.93
51,Bambous Virieux,75,MU,1597361734,77,-20.34,57.76,69.8,5.82
52,Broome,1,US,1597361734,50,42.25,-75.83,77.0,3.36
53,Grand Gaube,49,MU,1597361735,77,-20.01,57.66,69.01,3.0
54,Yulara,0,AU,1597361735,75,-25.24,130.99,46.4,5.82
55,Hobart,75,AU,1597361711,87,-42.88,147.33,55.0,3.36
56,Nioro,100,GM,1597361735,97,13.35,-15.75,74.77,6.89
57,Balkhash,18,KZ,1597361736,58,46.84,74.98,66.69,8.3
58,Grafton,1,US,1597361714,47,42.21,-71.69,80.6,3.36
59,Waitati,0,NZ,1597361736,60,-45.75,170.57,45.0,5.99
60,Beringovskiy,50,RU,1597361737,63,63.05,179.32,57.51,5.88
61,Kysyl-Syr,11,RU,1597361737,63,63.9,122.76,48.76,9.48
62,Ponta do Sol,20,PT,1597361737,68,32.67,-17.1,71.6,8.05
63,Kahului,40,US,1597361562,43,20.89,-156.47,91.4,25.28
64,Empório,9,GR,1597361738,72,40.48,21.55,68.0,4.7
65,Vaini,75,TO,1597361738,83,-21.2,-175.2,78.8,8.05
66,Pevek,94,RU,1597361738,95,69.7,170.31,41.97,7.45
67,São Félix do Xingu,8,BR,1597361739,36,-6.64,-51.99,79.16,1.72
68,Khatanga,0,RU,1597361739,56,71.97,102.5,51.62,12.62
69,Taltal,24,CL,1597361739,76,-25.4,-70.48,53.22,4.21
70,Dingle,98,PH,1597361739,85,11.0,122.67,78.48,1.01
71,Harlingen,1,US,1597361622,52,26.19,-97.7,93.2,16.11
72,Bereda,4,ES,1597361740,100,43.27,-7.54,53.01,0.18
73,Salalah,90,OM,1597361740,100,17.02,54.09,75.2,4.7
74,Turbo,75,CO,1597361741,94,8.09,-76.73,78.8,10.85
75,Ostrovnoy,78,RU,1597361547,77,68.05,39.51,43.61,8.5
76,Vao,7,NC,1597361741,67,-22.67,167.48,69.69,12.1
77,Mīzan Teferī,100,ET,1597361741,93,6.98,35.58,61.14,1.05
78,Cidreira,99,BR,1597361742,95,-30.18,-50.21,59.41,6.02
79,Belaya,0,UA,1597361742,51,49.03,25.77,60.01,3.0
80,Mildura,40,AU,1597361743,93,-34.2,142.15,53.01,5.82
81,Mar del Plata,0,AR,1597361561,81,-38.0,-57.56,48.99,6.24
82,Mogadishu,87,SO,1597361698,83,2.04,45.34,74.75,15.73
83,Talnakh,0,RU,1597361745,55,69.49,88.4,66.2,13.42
84,Arraial do Cabo,8,BR,1597361576,73,-22.97,-42.03,75.2,14.99
85,Caucayá,84,CO,1597361745,94,-0.19,-74.78,75.4,2.06
86,Henties Bay,0,NA,1597361746,91,-22.12,14.28,53.01,1.99
87,Isangel,90,VU,1597361643,73,-19.55,169.27,73.4,5.82
88,Iqaluit,20,CA,1597361746,58,63.75,-68.51,53.6,19.46
89,Rock Sound,0,BS,1597361746,75,24.9,-76.2,82.71,13.35
90,Saint George,1,US,1597361747,13,37.1,-113.58,102.99,16.11
91,Mandiana,13,GN,1597361747,94,10.63,-8.68,72.18,5.08
92,Airai,62,TL,1597361747,61,-8.93,125.41,66.83,2.57
93,Jand,53,PK,1597361748,74,33.43,72.02,83.23,10.22
94,Vestmanna,25,FO,1597361748,93,62.16,-7.17,50.0,5.82
95,Edelira,73,PY,1597361748,94,-26.75,-55.27,57.97,1.97
96,Bethel,1,US,1597361748,69,41.37,-73.41,80.01,0.89
97,Neustadt an der Waldnaab,90,DE,1597361749,100,49.71,12.09,66.99,8.05
98,Zhigansk,16,RU,1597361749,71,66.77,123.37,46.36,20.67
99,Dubbo,90,AU,1597361468,93,-32.25,148.62,48.2,9.17
100,Nambucca Heads,0,AU,1597361750,72,-30.65,153.0,68.0,3.8
101,Cherskiy,98,RU,1597361750,81,68.75,161.3,45.12,4.23
102,Caravelas,0,BR,1597361750,85,-17.71,-39.25,69.8,4.18
103,Biloela,50,AU,1597361751,61,-24.42,150.5,69.04,7.83
104,Diego de Almagro,0,CL,1597361751,71,-26.37,-70.05,44.89,0.87
105,Sarangani,73,PH,1597361751,73,5.4,125.46,82.13,4.34
106,Setermoen,100,NO,1597361752,93,68.86,18.35,54.0,14.99
107,Suleja,75,NG,1597361752,100,9.18,7.18,71.6,3.36
108,Muros,3,ES,1597361752,88,42.78,-9.06,64.0,3.56
109,Tuktoyaktuk,75,CA,1597361752,76,69.45,-133.04,53.6,10.29
110,Severo-Kuril'sk,91,RU,1597361753,74,50.68,156.12,53.91,8.25
111,São Filipe,32,CV,1597361753,86,14.9,-24.5,77.38,6.82
112,Tasiilaq,0,GL,1597361753,42,65.61,-37.64,48.2,10.29
113,Ciudad Bolivar,100,VE,1597361754,82,8.12,-63.55,79.84,9.17
114,Narsaq,87,GL,1597361754,87,60.92,-46.05,51.8,17.22
115,Esperance,29,AU,1597361580,100,-33.87,121.9,44.6,6.93
116,Fortuna,1,US,1597361755,69,40.6,-124.16,69.01,5.99
117,Rodino,52,RU,1597361755,96,52.5,80.25,57.69,8.08
118,Antofagasta,75,CL,1597361755,76,-23.65,-70.4,57.2,13.87
119,Oudtshoorn,0,ZA,1597361755,87,-33.59,22.2,46.4,4.7
120,Geraldton,2,AU,1597361756,87,-28.77,114.6,48.2,13.87
121,Codrington,8,AU,1597361756,84,-38.27,141.97,54.68,13.15
122,Lampazos de Naranjo,1,MX,1597361756,25,27.02,-100.52,96.62,14.43
123,East London,0,ZA,1597361757,65,-33.02,27.91,56.19,6.91
124,Sumbe,76,AO,1597361757,88,-11.21,13.84,70.05,2.93
125,Saint Anthony,20,US,1597361757,58,45.02,-93.22,88.0,16.11
126,Green River,1,US,1597361759,8,41.53,-109.47,82.4,23.04
127,Calabozo,90,VE,1597361759,92,8.92,-67.43,77.14,4.14
128,Olinda,40,BR,1597361554,73,-8.01,-34.86,77.0,9.17
129,Taoudenni,84,ML,1597361760,31,22.68,-3.98,98.24,12.39
130,Praia,20,CV,1597361760,78,14.92,-23.51,80.6,2.24
131,San Patricio,90,MX,1597361761,74,19.22,-104.7,86.0,17.22
132,Kavieng,100,PG,1597361761,83,-2.57,150.8,79.68,2.98
133,Tynda,100,RU,1597361761,70,55.17,124.72,62.04,2.86
134,Indramayu,93,ID,1597361762,75,-6.33,108.32,79.74,7.31
135,Mabai,100,CN,1597361762,100,23.01,104.45,62.6,2.46
136,Mocuba,0,MZ,1597361762,97,-16.84,36.99,62.49,0.6
137,Yar-Sale,80,RU,1597361762,75,66.83,70.83,44.98,8.84
138,Whitecourt,75,CA,1597361624,42,54.15,-115.69,66.2,10.29
139,Buchanan,20,LR,1597361763,94,5.88,-10.05,71.6,4.07
140,Paso de los Toros,0,UY,1597361763,57,-32.82,-56.52,57.2,3.36
141,Mushie,75,CD,1597361763,53,-3.02,16.9,83.3,2.3
142,Katsuura,40,JP,1597361764,74,35.13,140.3,86.0,9.17
143,Lebu,100,CL,1597361764,87,-37.62,-73.65,50.11,13.18
144,Fuerte Olimpo,1,PY,1597361764,59,-21.04,-57.87,69.84,8.05
145,Carutapera,7,BR,1597361764,80,-1.2,-46.02,78.22,8.81
146,Peleduy,83,RU,1597361765,42,59.63,112.74,55.6,17.56
147,Salinópolis,38,BR,1597361765,81,-0.61,-47.36,80.37,14.41
148,Alofi,75,NU,1597361765,83,-19.06,-169.92,80.6,6.93
149,Sidi Ali,42,DZ,1597361766,75,36.1,0.42,72.81,2.26
150,Mackenzie,90,CA,1597361628,51,55.3,-123.17,60.8,11.41
151,Christchurch,50,NZ,1597361757,76,-43.53,172.63,51.01,3.36
152,Rolla,1,US,1597361766,69,37.95,-91.77,82.99,9.17
153,Amuntai,11,ID,1597361767,91,-2.42,115.25,77.29,0.81
154,Glendive,1,US,1597361767,24,47.11,-104.71,86.0,3.36
155,Ol'ga,100,RU,1597361767,95,43.74,135.29,63.7,14.41
156,Qaanaaq,50,GL,1597361768,74,77.48,-69.36,38.68,5.53
157,Sabinov,35,SK,1597361768,88,49.1,21.1,66.2,4.7
158,Road Town,20,VG,1597361531,79,18.42,-64.62,84.2,13.87
159,Panjāb,0,AF,1597361768,48,34.39,67.02,48.06,4.94
160,Gari,4,RU,1597361769,88,59.43,62.35,40.6,3.09
161,Praia da Vitória,75,PT,1597361769,83,38.73,-27.07,73.4,6.49
162,Río Gallegos,83,AR,1597361580,86,-51.62,-69.22,28.4,6.93
163,Hirara,20,JP,1597361771,83,24.8,125.28,86.0,6.93
164,Laurel,40,US,1597361771,78,39.1,-76.85,81.0,6.93
165,Hasaki,20,JP,1597361772,79,35.73,140.83,84.99,8.05
166,Bykovo,40,RU,1597361772,87,55.64,38.08,57.0,8.95
167,Hithadhoo,66,MV,1597361772,71,-0.6,73.08,82.11,4.47
168,Seymchan,46,RU,1597361772,52,62.88,152.43,64.45,11.32
169,Faanui,29,PF,1597361773,81,-16.48,-151.75,78.3,18.23
170,Hong Kong,0,HK,1597361562,83,22.29,114.16,82.0,3.0
171,Zhezkazgan,5,KZ,1597361773,64,47.8,67.71,60.55,4.68
172,Dudinka,16,RU,1597361585,55,69.41,86.18,66.2,13.42
173,San Rafael,58,AR,1597361774,36,-34.62,-68.33,52.97,3.38
174,Marzuq,94,YE,1597361774,50,14.4,46.47,82.42,3.27
175,Laas,5,IT,1597361774,93,46.62,10.7,55.4,4.7
176,Tiksi,99,RU,1597361775,83,71.69,128.87,39.69,11.92
177,Kaitangata,56,NZ,1597361775,57,-46.28,169.85,46.0,7.0
178,Wewak,99,PG,1597361775,78,-3.55,143.63,82.22,5.32
179,Nikolskoye,13,RU,1597361777,76,59.7,30.79,50.0,2.01
180,Palagiano,5,IT,1597361777,69,40.58,17.04,82.99,1.12
181,Castro,19,BR,1597361777,73,-24.79,-50.01,60.48,4.34
182,Longyearbyen,75,SJ,1597361693,76,78.22,15.64,50.0,4.92
183,Constitución,18,CL,1597361778,80,-35.33,-72.42,48.65,4.61
184,Yong’an,10,CN,1597361779,50,39.7,113.69,73.24,5.28
185,Upernavik,100,GL,1597361779,91,72.79,-56.15,39.9,22.15
186,Amahai,99,ID,1597361779,79,-3.33,128.92,78.06,1.9
187,Maniitsoq,59,GL,1597361779,73,65.42,-52.9,43.74,2.46
188,Livramento,20,BR,1597361780,79,-3.03,-60.18,84.2,3.36
189,Mukilteo,1,US,1597361728,49,47.94,-122.3,73.99,6.93
190,Paraíso,75,CR,1597361781,69,9.84,-83.87,78.8,13.87
191,Port Hueneme,40,US,1597361781,53,34.15,-119.2,90.0,9.17
192,Huilong,100,CN,1597361782,83,31.81,121.66,90.0,1.99
193,Shimoda,75,JP,1597361782,79,34.67,138.95,84.99,11.41
194,Kalmunai,98,LK,1597361782,77,7.42,81.82,77.99,7.2
195,Xudat,37,AZ,1597361783,60,41.63,48.68,74.71,12.28
196,Gorom-Gorom,29,BF,1597361783,54,14.44,-0.24,86.77,8.55
197,Ahipara,84,NZ,1597361784,59,-35.17,173.17,58.93,6.13
198,Shaoxing,26,CN,1597361784,74,30.01,120.57,86.0,4.47
199,Berlevåg,98,NO,1597361784,73,70.86,29.09,50.88,8.84
200,Lloró,90,CO,1597361784,94,5.5,-76.55,77.0,4.7
201,Chokurdakh,100,RU,1597361785,68,70.63,147.92,41.22,6.82
202,Paamiut,0,GL,1597361785,83,61.99,-49.67,42.94,19.19
203,Vila Velha,1,BR,1597361747,78,-20.33,-40.29,77.0,6.93
204,Te Anau,23,NZ,1597361786,71,-45.42,167.72,40.12,1.25
205,Meulaboh,100,ID,1597361786,72,4.14,96.13,77.36,5.48
206,Gorin,100,RU,1597361787,66,51.2,136.67,70.2,5.95
207,Yumen,0,CN,1597361787,27,40.28,97.2,70.52,6.55
208,Sorong,100,ID,1597361601,82,-0.88,131.25,80.44,7.96
209,Tilaran,75,CR,1597361788,83,10.47,-84.97,80.6,4.7
210,Eyl,89,SO,1597361788,71,7.98,49.82,75.78,22.66
211,Kutum,32,SD,1597361789,71,14.2,24.67,75.15,5.1
212,Shebunino,97,RU,1597361789,77,46.43,141.86,65.43,5.68
213,Valle de Allende,0,MX,1597361789,19,26.93,-105.4,88.38,14.76
214,Coyhaique,40,CL,1597361790,69,-45.58,-72.07,37.4,2.24
215,Jalu,0,LY,1597361790,38,29.03,21.55,80.2,7.94
216,Mayo,75,US,1597361790,88,38.89,-76.51,81.0,10.29
217,Guerrero Negro,11,MX,1597361732,41,27.98,-114.06,80.56,17.36
218,Saldanha,0,ZA,1597361791,87,-33.01,17.94,46.4,4.43
219,Kungurtug,100,RU,1597361791,81,50.6,97.52,54.23,0.92
220,Jiayuguan City,0,CN,1597361792,25,39.82,98.3,72.27,7.02
221,Port Hawkesbury,1,CA,1597361792,78,45.62,-61.35,73.4,3.36
222,Norman Wells,75,CA,1597361792,77,65.28,-126.83,64.4,8.05
223,Whyalla,90,AU,1597361792,100,-33.03,137.58,48.2,6.93
224,Cedar City,1,US,1597361793,11,37.68,-113.06,89.6,16.11
225,Merrill,1,US,1597361702,61,45.18,-89.68,80.6,3.36
226,Okha,0,RU,1597361793,61,53.57,142.95,65.35,7.58
227,Kabare,93,CD,1597361794,63,-2.47,28.82,63.14,2.3
228,Hastings,19,GB,1597361795,97,50.86,0.57,68.0,1.99
229,Tacna,90,PE,1597361741,77,-18.01,-70.25,60.8,8.05
230,Yellowknife,75,CA,1597361667,63,62.46,-114.35,62.6,8.05
231,Saint Paul Harbor,1,US,1597361585,67,57.79,-152.41,60.8,10.29
232,Mbanza-Ngungu,57,CD,1597361796,73,-5.25,14.87,69.96,9.78
233,Mount Gambier,90,AU,1597361609,93,-37.83,140.77,50.0,9.17
234,Suntar,0,RU,1597361797,59,62.14,117.63,50.13,6.58
235,Cobán,51,GT,1597361797,95,15.48,-90.37,66.96,2.1
236,Broken Hill,40,AU,1597361797,87,-31.95,141.43,55.4,6.93
237,Walvis Bay,0,NA,1597361798,81,-22.96,14.51,53.01,6.93
238,Adeje,0,ES,1597361798,73,28.12,-16.73,73.4,14.99
239,Laguna,1,US,1597361798,18,38.42,-121.42,102.99,8.05
240,Waingapu,42,ID,1597361798,72,-9.66,120.26,80.11,8.99
241,Maturin,27,VE,1597361799,92,9.75,-63.18,76.53,7.52
242,Benghazi,0,LY,1597361799,79,32.12,20.07,78.82,10.98
243,Gawler,3,AU,1597361605,88,-34.6,138.73,54.0,5.99
244,Pīshvā,0,IR,1597361799,44,35.31,51.73,78.8,23.04
245,Matagami,1,CA,1597361800,46,49.75,-77.63,69.8,4.85
246,Linqing,0,CN,1597361800,87,36.85,115.71,79.2,9.13
247,Matara,92,LK,1597361706,86,5.95,80.54,77.77,10.51
248,Kavaratti,100,IN,1597361801,79,10.57,72.64,81.59,16.69
249,Port Alfred,0,ZA,1597361801,75,-33.59,26.89,53.47,10.47
250,Awjilah,0,LY,1597361802,38,29.11,21.29,80.6,8.72
251,Lompoc,1,US,1597361802,34,34.64,-120.46,93.2,4.7
252,Kudahuvadhoo,86,MV,1597361802,64,2.67,72.89,83.59,8.14
253,Tokur,100,RU,1597361803,61,53.13,132.9,64.06,2.68
254,Yamaranguila,40,HN,1597361803,55,14.28,-88.25,86.0,16.11
255,Asău,14,RO,1597361804,94,46.43,26.4,54.0,2.17
256,Saskylakh,45,RU,1597361804,70,71.92,114.08,43.9,6.17
257,Tres Arroyos,18,AR,1597361804,66,-38.37,-60.28,47.07,7.9
258,Ambon City,40,ID,1597361804,94,-3.7,128.18,75.2,5.82
259,Amazar,100,RU,1597361805,86,53.86,120.88,62.51,2.13
260,Mayskiy,0,RU,1597361805,67,47.69,40.1,57.2,6.71
261,Kruisfontein,0,ZA,1597361805,90,-34.0,24.73,46.99,5.88
262,Husavik,20,IS,1597361806,58,66.04,-17.34,59.0,25.28
263,Srīvardhan,100,IN,1597361806,85,18.03,73.02,79.45,14.25
264,Lumding,100,IN,1597361807,97,25.75,93.17,77.85,1.86
265,Esim,32,GH,1597361807,83,4.87,-2.24,74.03,8.86
266,Itarema,91,BR,1597361807,79,-2.92,-39.92,78.13,15.97
267,Iwaki,81,JP,1597361808,67,37.05,140.88,89.01,4.0
268,Bismil,0,TR,1597361808,68,37.85,40.67,77.0,4.7
269,Chui,0,UY,1597361808,76,-33.7,-53.46,45.84,5.12
270,Hualmay,34,PE,1597361809,84,-11.1,-77.61,59.05,9.71
271,Sitka,90,US,1597361809,67,57.05,-135.33,59.0,3.36
272,Le Creusot,82,FR,1597361809,93,46.81,4.42,66.99,3.36
273,Santa Rosa,83,PH,1597361810,88,14.31,121.11,78.8,3.36
274,Pascagoula,1,US,1597361610,74,30.37,-88.56,84.2,8.01
275,Colares,75,PT,1597361810,93,38.8,-9.45,68.0,8.05
276,Pochutla,40,MX,1597361810,55,15.74,-96.47,89.6,6.93
277,Ambilobe,74,MG,1597361811,71,-13.2,49.05,68.61,2.26
278,Goulburn,36,AU,1597361811,99,-34.75,149.72,46.99,0.72
279,Manado,20,ID,1597361811,94,1.49,124.85,77.0,1.12
280,Ketchikan,90,US,1597361812,72,55.34,-131.65,60.8,9.17
281,Ossora,100,RU,1597361812,74,59.24,163.07,54.79,10.33
282,Foumban,85,CM,1597361813,100,5.73,10.9,62.19,2.13
283,Richards Bay,32,ZA,1597361813,67,-28.78,32.04,59.31,5.64
284,Davila,75,PH,1597361813,94,18.47,120.58,77.0,2.24
285,Burnie,100,AU,1597361814,93,-41.07,145.92,53.01,4.0
286,Khani,31,GE,1597361814,93,41.96,42.96,66.2,2.24
287,Champotón,40,MX,1597361814,79,19.35,-90.72,86.0,11.41
288,Orán,0,AR,1597361815,47,-23.13,-64.33,55.0,2.33
289,Vardø,100,NO,1597361815,76,70.37,31.11,51.62,9.26
290,Zhangye,81,CN,1597361815,36,38.93,100.45,74.97,12.64
291,Hokitika,23,NZ,1597361816,51,-42.72,170.97,55.2,6.67
292,Tateyama,75,JP,1597361816,79,34.98,139.87,90.0,11.41
293,Oussouye,40,SN,1597361816,94,12.48,-16.55,77.0,6.93
294,Tura,100,IN,1597361816,94,25.52,90.22,75.36,3.02
295,Dromolaxia,0,CY,1597361817,83,34.88,33.59,80.6,4.7
296,San José de Gracia,100,MX,1597361818,90,20.67,-102.58,65.39,2.77
297,Palmer,75,US,1597361818,51,42.16,-72.33,82.4,3.36
298,Kamachumu,77,TZ,1597361819,90,-1.62,31.62,61.9,3.78
299,Blackwater,4,AU,1597361819,55,-23.58,148.88,71.91,8.23
300,Torit,32,SS,1597361819,85,4.41,32.57,69.71,1.66
301,Saucillo,0,MX,1597361819,12,28.02,-105.28,97.34,20.78
302,Pisco,1,PE,1597361660,77,-13.7,-76.22,63.0,17.22
303,Saint-Philippe,90,RE,1597361820,64,-21.36,55.77,69.8,6.93
304,Paredon,12,MX,1597361821,74,16.03,-93.87,86.07,6.58
305,Karema,93,TZ,1597361821,36,-6.82,30.44,69.89,3.87
306,Torbay,75,CA,1597361821,100,47.67,-52.73,70.0,14.99
307,Røros,60,NO,1597361821,100,62.57,11.38,55.4,2.24
308,Oyama,40,JP,1597361822,69,36.3,139.8,88.0,8.05
309,Ancud,75,CL,1597361822,81,-41.87,-73.82,46.0,17.22
310,Clyde River,75,CA,1597361822,87,70.47,-68.59,44.6,4.7
311,Stephenville,1,US,1597361789,20,32.22,-98.2,102.2,9.17
312,Marawi,57,PH,1597361823,93,8.0,124.29,75.0,7.0
313,Leningradskiy,100,RU,1597361823,51,69.38,178.42,60.44,15.55
314,Jumla,100,NP,1597361824,73,29.27,82.18,64.38,2.95
315,Ialibu,85,PG,1597361824,84,-6.28,143.99,65.28,1.86
316,Sørland,94,NO,1597361825,87,67.67,12.69,55.38,11.03
317,Santiago de Cao,83,PE,1597361552,89,-7.96,-79.24,60.31,12.64
318,Lagoa,33,PT,1597361826,80,39.05,-27.98,72.25,5.73
319,Whitehorse,75,CA,1597361827,66,60.72,-135.05,54.0,4.7
320,Samarai,58,PG,1597361827,81,-10.62,150.67,77.95,17.69
321,Pilar,40,BR,1597361827,88,-9.6,-35.96,71.6,2.24
322,Chengde,0,CN,1597361828,70,40.97,117.94,75.63,1.48
323,Padang,69,ID,1597361604,65,-0.95,100.35,78.44,3.33
324,Celano,13,IT,1597361828,46,42.09,13.54,75.0,2.59
325,Urambo,92,TZ,1597361829,44,-5.07,32.05,63.57,3.38
326,Aswān,0,EG,1597361829,24,24.09,32.91,85.64,9.86
327,Hay River,75,CA,1597361829,87,60.82,-115.8,59.0,9.17
328,Yerofey Pavlovich,100,RU,1597361830,67,53.97,121.97,63.0,5.84
329,Los Llanos de Aridane,6,ES,1597361830,64,28.66,-17.92,73.4,11.41
330,Tonantins,34,BR,1597361830,92,-2.87,-67.8,76.5,2.8
331,San Cristobal,40,VE,1597361831,51,7.77,-72.22,86.0,11.41
332,Buckeye,54,US,1597361682,13,33.37,-112.58,114.8,9.17
333,Shepsi,0,RU,1597361831,62,44.04,39.15,67.6,7.63
334,Fuchu,1,JP,1597361832,70,35.67,139.48,87.01,3.87
335,Bhilai,100,IN,1597361832,82,21.22,81.43,77.52,11.3
336,São Paulo de Olivença,50,BR,1597361832,83,-3.38,-68.87,77.76,0.94
337,Comodoro Rivadavia,75,AR,1597361592,93,-45.87,-67.5,42.8,3.36
338,Manta,20,EC,1597361833,69,-0.95,-80.73,75.2,9.17
339,Sept-Îles,20,CA,1597361833,50,50.2,-66.38,75.2,6.93
340,Iberia,40,US,1597361835,83,29.95,-91.75,87.01,10.29
341,Okhotsk,1,RU,1597361835,64,59.38,143.3,64.71,2.48
342,Mahon,0,ES,1597361835,88,39.89,4.27,75.2,7.96
343,Port Elizabeth,0,ZA,1597361836,81,-33.92,25.57,51.8,8.05
344,Kumul,84,CN,1597361836,20,42.8,93.45,81.09,9.22
345,Tuatapere,0,NZ,1597361836,67,-46.13,167.68,45.0,5.01
346,Preobrazheniye,100,RU,1597361837,95,42.9,133.91,66.31,11.88
347,Portsmouth,28,GB,1597361726,90,50.8,-1.09,70.0,2.35
348,Andra,0,RU,1597361839,80,62.51,65.89,40.96,3.76
349,Gamba,100,GA,1597361839,85,-2.65,10.0,73.6,6.93
350,Souillac,75,MU,1597361840,77,-20.52,57.52,69.8,5.82
351,Obigarm,0,TJ,1597361842,32,38.72,69.71,62.98,4.0
352,Trelew,69,AR,1597361833,49,-43.25,-65.31,49.73,4.54
353,Prome,100,MM,1597361842,97,18.82,95.22,75.79,13.31
354,Ilulissat,99,GL,1597361843,52,69.22,-51.1,44.6,8.05
355,Kitui,92,KE,1597361844,90,-1.37,38.01,59.56,5.93
356,Worland,1,US,1597361844,13,44.02,-107.96,93.0,4.7
357,Bani Walid,0,LY,1597361845,85,31.76,13.99,68.47,2.06
358,Zomin,0,UZ,1597361846,34,39.96,68.4,68.07,4.65
359,Yinchuan,71,CN,1597361846,38,38.47,106.27,78.55,3.94
360,Whitianga,100,NZ,1597361846,72,-36.83,175.7,52.52,13.02
361,Lavrentiya,100,RU,1597361847,64,65.58,-171.0,53.38,11.16
362,Zharkent,70,KZ,1597361847,57,44.16,80.0,61.79,4.34
363,Santa Lucía,40,ES,1597361847,73,27.91,-15.54,73.4,26.4
364,Port-Cartier,20,CA,1597361847,50,50.03,-66.87,75.2,6.93
365,Vestmannaeyjar,100,IS,1597361848,96,63.44,-20.27,52.54,13.0
366,Nsoko,19,SZ,1597361848,81,-27.03,31.95,53.6,6.93
367,Half Moon Bay,1,US,1597361848,72,37.46,-122.43,93.2,3.36
368,Konstantinovka,100,RU,1597361849,95,49.62,127.98,64.81,17.85
369,Coruripe,43,BR,1597361849,83,-10.13,-36.18,72.19,9.04
370,Evans,90,US,1597361667,55,33.53,-82.13,89.6,9.17
371,Krasnosel'kup,11,RU,1597361849,74,65.7,82.47,64.87,9.08
372,Warrington,59,GB,1597361850,88,53.39,-2.58,63.0,9.17
373,Sulangan,98,PH,1597361850,77,11.14,123.72,81.45,7.63
374,Dunedin,12,NZ,1597361709,61,-45.87,170.5,45.0,5.99
375,Ailigandí,100,PA,1597361851,83,9.23,-78.02,81.77,4.34
376,Aklavik,75,CA,1597361851,67,68.22,-135.01,59.0,9.17
377,Camacha,20,PT,1597361851,73,33.08,-16.33,71.6,10.29
378,Waddān,0,LY,1597361852,62,29.16,16.14,73.62,6.4
379,Udachny,75,RU,1597361852,70,66.42,112.4,42.8,6.71
380,Poum,30,NC,1597361852,64,-20.23,164.02,70.75,14.43
381,Ankpa,99,NG,1597361853,88,7.37,7.63,72.27,10.22
382,Biankouma,28,CI,1597361853,96,7.74,-7.61,67.46,1.41
383,Parry Sound,80,CA,1597361842,61,45.35,-80.03,77.0,3.44
384,Pamekasan,30,ID,1597361853,76,-7.16,113.47,80.67,3.47
385,Nānākuli,90,US,1597361854,48,21.39,-158.15,89.6,8.05
386,Huarmey,24,PE,1597361854,83,-10.07,-78.15,60.62,9.44
387,Visby,100,SE,1597361854,93,57.64,18.3,60.8,5.82
388,Kargil,0,IN,1597361855,54,34.57,76.1,55.49,5.55
389,Ust'-Ishim,100,RU,1597361855,81,57.69,71.17,47.59,7.29
390,Ninotsminda,20,GE,1597361855,67,41.26,43.59,57.2,5.82
391,Oodweyne,55,SO,1597361856,57,9.41,45.06,74.88,11.14
392,Nouadhibou,10,MR,1597361856,83,20.93,-17.03,73.4,2.24
393,Banda Aceh,100,ID,1597361723,67,5.56,95.32,80.69,3.51
394,Pangnirtung,90,CA,1597361857,81,66.15,-65.71,46.4,20.8
395,Phalombe,0,MW,1597361857,52,-15.81,35.65,58.55,3.27
396,Wajima,75,JP,1597361858,83,37.4,136.9,80.6,11.41
397,Kaniama,53,CD,1597361858,26,-7.57,24.18,65.48,3.29
398,Rio Pardo,100,BR,1597361859,96,-29.99,-52.38,57.24,3.83
399,Nevers,84,FR,1597361859,90,46.99,3.16,66.0,5.95
400,Hambantota,97,LK,1597361859,80,6.12,81.12,78.98,18.23
401,Port Lincoln,3,AU,1597361860,78,-34.73,135.87,57.7,14.07
402,Freilassing,20,DE,1597361860,93,47.85,12.98,66.99,4.7
403,Quatre Cocos,75,MU,1597361860,77,-20.21,57.76,69.8,5.82
404,Stornoway,37,GB,1597361860,87,58.21,-6.39,55.4,9.17
405,Appingedam,100,NL,1597361862,78,53.32,6.86,73.99,3.36
406,College,40,US,1597361649,67,64.86,-147.8,69.01,3.36
407,Gushikawa,40,JP,1597361863,83,26.35,127.87,84.2,9.17
408,Forestville,40,US,1597361619,88,38.85,-76.88,82.4,6.93
409,Nome,1,US,1597361823,71,64.5,-165.41,61.0,19.46
410,Bathsheba,20,BB,1597361864,74,13.22,-59.52,82.4,17.22
411,Pokosnoye,77,RU,1597361864,72,55.53,101.05,63.0,2.35
412,Leh,1,IN,1597361865,41,34.17,77.58,60.49,5.55
413,Sampit,47,ID,1597361866,88,-2.53,112.95,78.22,2.21
414,Wrocław,4,PL,1597361803,88,51.1,17.03,68.0,1.12
415,Kot Kapūra,59,IN,1597361867,91,30.58,74.9,77.99,8.32
416,La Sarre,40,CA,1597361867,70,48.8,-79.2,67.08,3.58
417,Kieta,75,PG,1597361867,69,-6.22,155.63,84.29,6.78
418,Puerto Rondón,91,CO,1597361868,95,6.28,-71.1,75.96,5.84
419,Riberalta,32,BO,1597361868,35,-10.98,-66.1,83.61,1.57
420,Anito,97,PH,1597361868,80,12.45,125.29,81.18,6.62
421,Flin Flon,20,CA,1597361868,63,54.77,-101.86,66.2,6.93
422,Mānāvadar,98,IN,1597361869,87,21.5,70.13,79.74,13.35
423,Catherinas Lust,27,GY,1597361869,80,6.4,-57.6,80.15,7.0
424,Visnes,5,NO,1597361869,88,59.36,5.22,64.4,9.17
425,Brigantine,75,US,1597361869,88,39.41,-74.36,77.0,9.53
426,Saint-Pierre,90,RE,1597361870,64,-21.34,55.48,69.8,6.93
427,Derzhavīnsk,61,KZ,1597361870,82,51.1,66.32,56.08,1.12
428,Vredendal,0,ZA,1597361870,84,-31.67,18.5,48.18,1.39
429,Sakakah,33,SA,1597361871,25,29.97,40.21,84.2,5.82
430,Mbour,20,SN,1597361871,78,14.42,-16.96,82.4,5.82
431,Nador,21,MA,1597361782,41,35.17,-2.93,75.2,4.7
432,Bonthe,1,SL,1597361872,79,7.53,-12.51,75.0,5.37
433,Cabedelo,75,BR,1597361872,88,-6.98,-34.83,73.4,6.93
434,Tessalit,65,ML,1597361872,34,20.2,1.01,93.36,4.61
435,Mae Sai,75,TH,1597361872,100,20.43,99.88,77.0,1.14
436,Lázaro Cárdenas,59,MX,1597361873,73,17.96,-102.2,85.37,5.41
437,Kemijärvi,100,FI,1597361873,94,66.71,27.43,53.06,7.94
438,Erenhot,0,CN,1597361873,51,43.65,111.98,69.04,1.59
439,Opuwo,0,NA,1597361874,46,-18.06,13.84,56.53,1.81
440,Nizhniy Baskunchak,0,RU,1597361874,54,48.22,46.83,65.1,8.1
441,San Fernando,75,PH,1597361688,94,15.03,120.69,78.8,4.7
442,Lagunas,91,PE,1597361874,82,-5.23,-75.68,78.03,2.57
443,Lüderitz,0,NA,1597361875,36,-26.65,15.16,62.2,13.13
444,Manga,87,BF,1597361875,75,11.66,-1.07,76.86,6.24
445,Nizwá,30,OM,1597361876,41,22.93,57.53,91.6,1.81
446,Omboué,100,GA,1597361877,86,-1.57,9.26,73.78,9.44
447,Sangar,0,RU,1597361878,45,63.92,127.47,55.71,3.02
448,Hongjiang,97,CN,1597361878,80,27.11,110.0,78.96,2.95
449,Āsosa,100,ET,1597361879,100,10.07,34.53,61.74,1.43
450,Bocas del Toro,100,PA,1597361879,97,9.33,-82.25,68.0,7.52
451,San Giovanni in Fiore,0,IT,1597361879,94,39.26,16.7,73.99,3.36
452,Syedove,0,UA,1597361880,100,47.08,38.16,60.01,7.0
453,Kiruna,95,SE,1597361880,93,67.86,20.23,53.6,2.24
454,Hofn,100,IS,1597361881,93,64.25,-15.21,53.73,14.9
455,Brewster,1,US,1597361881,69,41.4,-73.62,82.0,1.3
456,Palm Coast,1,US,1597361881,83,29.59,-81.21,79.0,5.82
457,Plainview,100,US,1597361881,94,40.78,-73.47,78.01,3.53
458,Kotel'nich,100,RU,1597361882,84,58.31,48.35,49.89,6.67
459,Andros Town,75,BS,1597361884,79,24.7,-77.77,84.2,9.17
460,Bandarbeyla,87,SO,1597361885,75,9.49,50.81,75.49,28.79
461,Cockburn Town,83,TC,1597361717,82,21.46,-71.14,83.14,18.3
462,Teknāf,100,BD,1597361885,91,20.86,92.31,79.7,7.72
463,Raudeberg,96,NO,1597361886,95,61.99,5.14,55.99,10.78
464,Rafai,99,CF,1597361886,96,4.95,23.92,69.62,0.27
465,Manggar,86,ID,1597361887,79,-2.88,108.27,81.82,8.5
466,Buala,64,SB,1597361887,70,-8.14,159.59,85.03,5.75
467,Belle Fourche,1,US,1597361887,28,44.67,-103.85,88.0,16.11
468,Ghanzi,0,BW,1597361888,30,-21.57,21.78,53.69,7.96
469,Corner Brook,20,CA,1597361777,68,48.97,-57.95,69.8,3.24
470,Beloha,0,MG,1597361888,92,-25.17,45.05,59.5,4.76
471,Umm Kaddadah,9,SD,1597361888,58,13.6,26.69,82.81,11.43
472,Aasiaat,99,GL,1597361889,75,68.71,-52.87,38.77,0.51
473,Baykit,90,RU,1597361889,79,61.67,96.37,60.48,6.69
474,Abay,75,KZ,1597361889,93,49.63,72.85,57.2,6.71
475,Tongliao,0,CN,1597361889,53,43.61,122.27,76.28,20.18
476,Yaan,100,NG,1597361890,81,7.38,8.57,75.36,8.59
477,Ulaangom,17,MN,1597361890,55,49.98,92.07,62.55,2.37
478,Corowa,59,AU,1597361890,96,-36.03,146.38,52.0,7.74
479,Mahanoro,0,MG,1597361891,82,-19.9,48.8,62.53,4.97
480,Griffith,1,US,1597361891,51,41.53,-87.42,80.6,5.82
481,Río Lindo,75,HN,1597361891,58,15.03,-87.98,87.8,14.99
482,Bauchi,100,NG,1597361891,91,10.5,10.0,72.23,1.61
483,Progreso,90,MX,1597361827,88,21.28,-89.67,75.2,13.87
484,Longjiang,99,CN,1597361892,93,47.33,123.18,62.53,7.09
485,Rawson,76,AR,1597361892,58,-43.3,-65.1,48.99,9.42
486,Daru,97,PG,1597361893,84,-9.08,143.21,78.94,14.38
487,Kayiry,0,UA,1597361893,61,46.95,33.71,64.44,8.32
488,Plettenberg Bay,3,ZA,1597361893,78,-34.05,23.37,50.77,5.84
489,Morón,3,AR,1597361757,37,-34.65,-58.62,55.0,3.85
490,Bambanglipuro,65,ID,1597361895,85,-7.95,110.28,76.95,5.64
491,Launceston,90,AU,1597361623,93,-41.45,147.17,50.0,10.29
492,Ternate,96,ID,1597361631,76,0.8,127.4,81.21,8.61
493,Namie,74,JP,1597361896,89,37.48,141.0,77.0,4.7
494,Timbiquí,99,CO,1597361896,88,2.77,-77.67,77.23,7.47
495,Chicama,79,PE,1597361896,81,-7.84,-79.15,61.83,7.2
496,Srednekolymsk,100,RU,1597361897,68,67.45,153.68,49.15,12.97
497,Chandler,75,US,1597361808,11,33.31,-111.84,115.0,6.93
498,Bilibino,99,RU,1597361897,73,68.05,166.44,50.4,3.11
499,Kangaatsiaq,100,GL,1597361898,74,68.31,-53.46,42.98,1.77
500,Bharatpur,100,IN,1597361898,89,27.22,77.48,80.01,7.58
501,Sinop Province,0,TR,1597361898,81,41.77,34.87,57.56,3.02
502,Paphos,0,CY,1597361898,64,34.77,32.42,75.2,8.05
503,São José da Coroa Grande,57,BR,1597361899,81,-8.9,-35.15,73.0,8.61
504,Iracoubo,20,GF,1597361899,82,5.48,-53.2,80.28,11.72
505,Kandi,100,BJ,1597361899,93,11.13,2.94,74.16,2.62
506,Ponazyrevo,100,RU,1597361900,85,58.36,46.31,50.05,7.4
507,Berbera,92,SO,1597361900,47,10.44,45.01,90.45,9.13
508,Mugur-Aksy,52,RU,1597361900,68,50.35,90.5,49.19,2.73
509,Nakasongola,90,UG,1597361901,88,1.31,32.46,66.94,2.98
510,San Quintín,28,MX,1597361901,51,30.48,-115.95,78.51,12.97
511,Novobiryusinskiy,39,RU,1597361901,77,56.96,97.71,62.67,2.64
512,Krāslava,13,LV,1597361902,88,55.9,27.17,49.41,2.86
513,Nagua,40,DO,1597361902,88,19.38,-69.85,82.4,13.87
514,Mauá,25,BR,1597361902,77,-23.67,-46.46,73.4,4.7
515,Carballo,40,ES,1597361903,93,43.21,-8.69,60.8,4.7
516,Bubaque,100,GW,1597361904,82,11.28,-15.83,79.18,14.83
517,Pinawa,96,CA,1597361904,77,50.15,-95.88,76.59,5.68
518,Rome,40,US,1597361904,48,43.21,-75.46,84.2,6.93
519,Kaeo,88,NZ,1597361905,3,-35.1,173.78,61.0,5.01
520,Shangrao,34,CN,1597361905,68,28.45,117.97,84.38,1.92
521,Doka,100,SD,1597361906,86,13.52,35.77,74.79,4.97
522,Ouadda,80,CF,1597361906,95,8.08,22.4,67.3,1.83
523,Nemuro,72,JP,1597361906,85,43.32,145.57,58.51,6.76
524,Hyères,13,FR,1597361907,88,43.12,6.12,71.01,6.11
525,Abhā,38,SA,1597361907,82,18.22,42.51,69.8,6.49
526,Quelimane,0,MZ,1597361907,90,-17.88,36.89,65.28,3.13
527,Beipiao,0,CN,1597361907,53,41.79,120.78,80.46,13.0
528,Havre-St-Pierre,90,CA,1597361908,93,50.23,-63.6,64.4,4.7
529,Machilipatnam,100,IN,1597361908,92,16.17,81.13,75.11,14.9
530,Alyangula,75,AU,1597361908,100,-13.85,136.42,73.4,8.12
531,Washougal,20,US,1597361850,31,45.58,-122.35,77.0,11.41
532,Dhrāngadhra,100,IN,1597361909,86,22.98,71.47,79.84,13.47
533,Rayachoti,100,IN,1597361909,80,14.05,78.75,74.43,7.92
534,Saint-Leu,90,RE,1597361909,64,-21.15,55.28,69.8,6.93
535,Price,1,US,1597361910,6,39.6,-110.81,93.2,5.82
536,Daur,98,PK,1597361910,70,26.46,68.32,86.0,9.17
537,Liepāja,23,LV,1597361910,100,56.54,21.04,51.8,2.24
538,El Silencio,65,VE,1597361911,79,10.5,-66.92,75.0,3.04
539,Vila Franca do Campo,20,PT,1597361911,73,37.72,-25.43,73.4,5.1
540,Jaisalmer,96,IN,1597361911,73,26.91,70.92,84.87,15.73
541,Great Yarmouth,61,GB,1597361912,99,52.61,1.73,64.0,1.99
542,Trat,99,TH,1597361912,68,12.5,102.5,82.99,2.62
543,Saint Andrews,75,US,1597361666,78,34.05,-81.13,80.6,5.82
544,Booué,52,GA,1597361912,77,-0.09,11.94,74.21,2.62
545,Cobija,62,BO,1597361913,45,-11.03,-68.77,85.6,2.35
546,Kirovsk,6,UA,1597361913,77,48.64,38.64,54.48,6.11
547,Eufaula,64,US,1597361913,80,31.89,-85.15,87.01,2.13
548,Adré,75,TD,1597361913,88,13.47,22.2,72.32,6.17
549,Cabo San Lucas,5,MX,1597361796,62,22.89,-109.91,87.01,10.29
550,Egvekinot,99,RU,1597361915,79,66.32,-179.17,52.74,9.69
551,Valparaíso,37,CL,1597361674,76,-33.04,-71.63,55.4,13.87
552,Bilma,91,NE,1597361915,23,18.69,12.92,93.06,3.87
553,Luganville,40,VU,1597361916,83,-15.53,167.17,80.6,11.41
554,Balta,0,UA,1597361916,72,47.94,29.62,54.34,1.68
555,Kazachinskoye,100,RU,1597361916,92,57.7,93.28,62.04,2.91
556,Zhanakorgan,0,KZ,1597361916,36,43.91,67.25,71.67,8.7
557,Pacific Grove,1,US,1597361917,30,36.62,-121.92,86.0,4.7
558,Gull Lake,20,CA,1597361917,23,50.1,-108.48,75.2,8.05
559,Alice Springs,0,AU,1597361917,54,-23.7,133.88,57.2,3.36
560,Jeypore,100,IN,1597361918,94,18.85,82.58,72.1,10.38
561,Polis,0,CY,1597361918,64,35.04,32.43,75.2,8.05
562,Saint-Ambroise,20,CA,1597361852,52,48.55,-71.33,70.0,8.05
563,Arrondissement de Cholet,90,FR,1597361919,100,47.17,-1.0,66.0,8.05
